segment_code,hero_headline_en,hero_headline_es,hero_headline_de,hero_headline_fr,hero_headline_it,hero_headline_pt,hero_subheadline_en,hero_image_url,hero_cta_label_en,hero_cta_url,meta_title_en,meta_description_en,status,is_active
RESIDENTIAL_HOME,Shade Solutions for Your Home,,,,,,Discover premium retractable awnings and pergolas for residential use.,https://cdn.shadesology.com/segments/residential-home.jpg,Shop Now,/retractable-awning,Home Shade Solutions | Shadesology,Premium retractable awnings and pergolas for your home. Custom made to order.,published,true
RESIDENTIAL_OUTDOOR,Outdoor Living Shade,,,,,,Transform your outdoor space with motorised shade systems.,https://cdn.shadesology.com/segments/outdoor-living.jpg,Explore Products,/fabric-pergola,Outdoor Living Shade | Shadesology,Create the perfect outdoor living space with our range of shade products.,published,true
RESIDENTIAL_POOLSIDE,Poolside Shade Solutions,,,,,,Stay cool by the pool with our stylish shade systems.,https://cdn.shadesology.com/segments/poolside.jpg,View Pool Shades,/shade-sail,Poolside Shade | Shadesology,Premium shade sails and pool covers designed for poolside environments.,published,true
RESIDENTIAL_BALCONY,Balcony & Terrace Shade,,,,,,Make the most of your balcony with compact shade systems.,https://cdn.shadesology.com/segments/balcony.jpg,Find Your Shade,/retractable-screen,Balcony Shade Solutions | Shadesology,Retractable screens and blinds for balconies and terraces.,published,true
COMMERCIAL_HOSPITALITY,Hospitality Shade Solutions,,,,,,Enhance guest experience with premium commercial shade systems.,https://cdn.shadesology.com/segments/hospitality.jpg,Request a Quote,/commercial,Hospitality Shade | Shadesology,Commercial shade solutions for hotels resorts and hospitality venues.,published,true
COMMERCIAL_RESTAURANT,Restaurant & Café Shade,,,,,,Extend your outdoor dining area with motorised awnings.,https://cdn.shadesology.com/segments/restaurant.jpg,Get a Quote,/commercial,Restaurant Shade Solutions | Shadesology,Expand your outdoor seating with motorised awnings and pergolas.,published,true
COMMERCIAL_RETAIL,Retail Shade Solutions,,,,,,Attract customers with eye-catching shade and shelter.,https://cdn.shadesology.com/segments/retail.jpg,Enquire Now,/commercial,Retail Shade | Shadesology,Custom commercial shade solutions for retail shopfronts and centres.,published,true
COMMERCIAL_OFFICE,Office & Workplace Shade,,,,,,Create comfortable outdoor workspaces with motorised shade.,https://cdn.shadesology.com/segments/office.jpg,Contact Us,/commercial,Office Shade Solutions | Shadesology,Louvered roofs and pergolas for commercial office outdoor areas.,published,true
COMMERCIAL_HEALTHCARE,Healthcare Facility Shade,,,,,,Certified shade solutions for hospitals clinics and aged care.,https://cdn.shadesology.com/segments/healthcare.jpg,Enquire Now,/commercial,Healthcare Shade | Shadesology,Compliant shade solutions for healthcare and aged care facilities.,published,true
COMMERCIAL_EDUCATION,School & University Shade,,,,,,Safe compliant shade structures for educational environments.,https://cdn.shadesology.com/segments/education.jpg,Get a Quote,/commercial,Education Shade Solutions | Shadesology,UPF 50+ shade structures for schools universities and childcare.,published,true
COMMERCIAL_GOVERNMENT,Government & Council Shade,,,,,,Durable public shade structures meeting council specifications.,https://cdn.shadesology.com/segments/government.jpg,Enquire Now,/commercial,Government Shade Solutions | Shadesology,Engineered shade structures for parks councils and government facilities.,published,true
COMMERCIAL_SPORTS,Sports & Recreation Shade,,,,,,Weather protection for sports facilities and recreation areas.,https://cdn.shadesology.com/segments/sports.jpg,Get a Quote,/commercial,Sports Shade Solutions | Shadesology,Shade structures for sports courts pools and recreation areas.,published,true
COMMERCIAL_INDUSTRIAL,Industrial Shade Solutions,,,,,,Heavy-duty shade and shelter for industrial applications.,https://cdn.shadesology.com/segments/industrial.jpg,Contact Us,/commercial,Industrial Shade | Shadesology,Heavy-duty tensile structures and shade systems for industrial use.,published,true
COMMERCIAL_PROPERTY_MGMT,Property Management Shade,,,,,,Enhance property value with premium shade solutions.,https://cdn.shadesology.com/segments/property-management.jpg,Enquire Now,/commercial,Property Management Shade | Shadesology,Shade solutions for apartment complexes commercial properties and strata.,published,true
